Episode;Quote;Author;Who said it
2�01, The Fisher King ;The defects and faults of the mind are like wounds in the body. After all imaginable care has been taken to heal them up, still there will be a scar left behind.;Francois de la Roche Foucauld;Gideon
2�01, The Fisher King ;It has been said that time heals all wounds. I do not agree. The wounds remain. In time, the mind, protecting its sanity, covers them with scar tissue, and the pain lessens, but it is never gone.;Rose Kennedy;Reid
2�02, P911;The test of the morality of a society is what it does for its children.;Dietrich Bonhoeffer;Gideon
2�03, The Perfect Storm;Of all the animals, man is the only one that is cruel. He is the only one who inflicts pain for the pleasure of doing it.;Mark Twain;Gideon
2�03, The Perfect Storm;Out of suffering have emerged the strongest souls. The most massive characters are seared with scars.;Khalil Gibran;Hotch
2�04, Psychodrama;Man is least himself when he talks in his own person. Give him a mask, and he will tell you the truth.;Oscar Wilde;Hotch
2�04, Psychodrama;The basis of shame is not some personal mistake of ours, but that this humiliation is seen by everyone.;Milan Kundera;Hotch
2�05, Aftermath;Although the world is full of suffering, it is also full of overcoming it.;Helen Keller;Gideon
2�06, The Boogeyman;We can easily forgive a child who is afraid of the dark. The real tragedy of life is when men are afraid of the light.;Plato;Hotch
2�07, North Mammon;It's not so important who starts the game, but who finishes it.;John Wooden;JJ
2�07, North Mammon;The ultimate choice for a man, in as much as he is given to transcend himself, is to create or destroy, to love or to hate.;Erich Fromm;JJ
2�08, Empty Planet;Crime butchers innocents to secure a prize. And innocence struggles with all its might against the attempts of crime.;Maximilien Robespierre;Gideon
2�09, The Last Word;If men could only know each other, they would neither idolize nor hate.;Elbert Hubbard;Gideon
2�09, The Last Word;Remember that all through history, there have been tyrants and murderers, and for a time, they seem invincible. But in the end, they always fall. Always.;Mahatma Ghandi;Hotch
2�10, Lessons Learned;Some of the best lessons are learned from past mistakes. The error of the past is the wisdom of the future.;Dale Turner;Gideon
2�10, Lessons Learned;In order to learn the most important lessons of life, one must each day surmount a fear.;Ralph Waldo Emerson;Gideon
2�11, Sex, Birth, Death;Between the idea and the reality, between the motion and the act, falls the shadow.;T.S. Eliot;Reid
2�11, Sex, Birth, Death;Between the desire and the spasm, between the potency and the existence, between the essence and the descent, falls the shadow. This is the way the world ends.;T.S. Eliot;Reid
2�12, Profiler, Profiled;All secrets are deep. All secrets become dark. That's in the nature of secrets.;Cory Doctorow;Morgan
2�13, No Way Out;Evil brings men together.;Aristotle;Gideon
2�14, The Big Game;I didn't have anything against them, and they never did anything wrong to me, the way other people have all my life. Maybe they're just the ones who have to pay for it.;Perry Smith;Gideon
2�15, Revelations;There is not a righteous man on Earth who does what is right and never sins.;Ecclesiastes 7:20;Hotch
2�16, Fear and Loathing;From the deepest desires often come the deadliest hate.;Socrates;Gideon
2�16, Fear and Loathing;The life of the dead is placed in the memory of the living.;Cicero;Reid
2�17, Distress;Our life is made by the death of others.;Leonardo Da Vinci;Gideon
2�17, Distress;If there must be trouble, let it be in my day, that my child may have peace.;Thomas Paine;Hotch
2�18, Jones;Tragedy is a tool for the living to gain wisdom, not a guide by which to live.;Robert Kennedy;Gideon
2�19, Ashes and Dust;The torture of a bad conscience is the hell of a living soul.;John Calvin;Hotch
2�19, Ashes and Dust;Live as if you were to die tomorrow. Learn as if you were to live forever.;Mahatma Ghandi;Hotch
2�20, Honor Among Thieves;There can be no good without evil.;Russian proverb;Prentiss
2�20, Honor Among Thieves;Happy families are all alike. Every unhappy family is unhappy in its own way.;Leo Tolstoy;Prentiss
2�21, Open Season;One man's wilderness is another man's theme park.;Unknown;Gideon
2�21, Open Season;Wild animals never kill for sport. Man is the only one to whom the torture and death of his fellow creatures is amusing in itself.;James Anthony Froud;Prentiss
2�22, Legacy;Of all the preposterous assumptions of humanity, nothing exceeds the criticisms made of the habits of the poor by the well-housed, well-warmed, and well-fed.;Herman Melville;Hotch
2�22, Legacy;Nothing is permanent in this wicked world. Not even our troubles.;Charles Chaplin;Hotch
2�23, No Way Out II: The Evilution of Frank;I choose my friends for their good looks, my acquaintances for their good characters, and my enemies for their good intellects.;Oscar Wilde;Gideon
1�01 Extreme Aggressor;The belief in a supernatural source of evil is not necessary. Men alone are quite capable of every wickedness.;Joseph Conrad;Gideon
1�01 Extreme Aggressor;All is a riddle, and the key to a riddle�is another riddle.;Ralph Waldo Emerson;Gideon
1�01 Extreme Aggressor;Try again, fail again. Fail better.;Samuel Beckett;Gideon
1�01 Extreme Aggressor;Try not, do or do not.;Yoda;Morgan
1�01 Extreme Aggressor;The farther backward you can look, the farther forward you will see.;Winston Churchill;Gideon
1�01 Extreme Aggressor;When you look long into an abyss, the abyss looks into you.;Friedrich Nietzsche;Gideon
1�02, Compulsion;Imagination is more important than knowledge. Knowledge is limited. Imagination encircles the world.;Albert Einstein;Gideon
1�02, Compulsion;There are certain clues at a crime scene which by their very nature do not lend themselves to being collected or examined. How's one collect love, rage, hatred, fear�? These are things that we're trained to look for.;James Reese;Gideon
1�02, Compulsion;Don't bother just to be better than your contemporaries or predecessors. Try to be better than yourself.;William Faulkner;Gideon
1�03, Won't Get Fooled Again;Almost all absurdity of conduct arises from the imitation of those whom we cannot resemble.;Samuel Johnson;Gideon
1�04, Plain Sight;Don't forget that I cannot see myself � that my role is limited to being the one who looks in the mirror.;Jacques Rigaut;Gideon
1�04, Plain Sight;Birds sing after a storm. Why shouldn't people feel as free to delight in whatever sunlight remains to them?;Rose Kennedy;Gideon
1�05, Broken Mirror;When a good man is hurt, all who would be called good must suffer with him.;Euripides;Gideon
1�05, Broken Mirror;When love is in excess, it brings a man no honor, nor worthiness.;Euripides;Gideon
1�06, L.D.S.K.;The irrationality of a thing is not an argument against its existence, rather, a condition of it.;Friedrich Nietzsche;Gideon
1�06, L.D.S.K.;Nothing is so common as the wish to be remarkable.;(attributed to) William Shakespeare;Hotch
1�07, The Fox;With foxes, we must play the fox.;Thomas Fuller;Gideon
1�08, Natural Born Killer;There is no hunting like the hunting of man, and those who have hunted armed men long enough, and liked it, never really care for anything else.;Ernest Hemingway;Gideon
1�08, Natural Born Killer;The healthy man does not torture others. Generally it is the tortured who turn into torturers.;Carl Jung;Gideon
1�09, Derailed;A belief is not merely an idea the mind possesses. It is an idea that possesses the mind.;Robert Oxton Bolton;Gideon
1�09, Derailed;The question that sometimes drives me hazy: Am I, or the others crazy?;Albert Einstein;Reid
1�10, The Popular Kids;Unfortunately, a super-abundance of dreams is paid for by a growing potential for nightmares.;Sir Peter Ustinov;Gideon
1�10, The Popular Kids;Ideologies separate us. Dreams and anguish bring us together.;Eugene Ionesco;Gideon
1�11, Blood Hungry;The bitterest tears shed over graves are for words left unsaid and deeds left undone.;Harriet Beecher Stowe;Gideon
1�12, What Fresh Hell?;Evil is always unspectacular and always human. And shares our bed�and eats at our table.;W.H. Auden;Gideon
1�12, What Fresh Hell?;Measure not the work until the day's out and the labor done.;Elizabeth Barrett Browning;Gideon
1�13, Poison;What is food to one is to others bitter poison.;Lucretious;Gideon
1�13, Poison;Before you embark on a journey of revenge, dig two graves.;Confucius;Gideon
1�14, Riding the Lightning;Who so sheddeth man's blood by man shall his blood be shed.;Genesis 9:6;Gideon
1�14, Riding the Lightning;What we do for ourselves dies with us. What we do for others and the world, remains and is immortal.;Albert Pine � attributed to Pine, but actually by Mason Albert Pike, from his book �Ex Corde Locutiones: Words from the Heart Spoken of His Dead Brethren� (Google Books link);Gideon
1�15, Unfinished Business;It is those we live with and love and should know who elude us.;Norman Maclean;Gideon
1�15, Unfinished Business;Who in his mind has not probe the dark water?;East from Eden John Steinbeck (here used in a puzzle by the Keystone Killer);(read by) Reid
1�15, Unfinished Business;In order for the light to shine so brightly, the darkness must be present.;Sir Francis Bacon (here used in a puzzle by The Keystone Killer and in Max Ryan's book on page 184).;(read by) Max Ryan
1�15, Unfinished Business;In the end, it's not the years in your life that count. It's the life in your years.;Abraham Lincoln;Elle
1�16, The Tribe;The individual has always had to struggle to keep from being overwhelmed by the tribe.;Friedrich Nietzsche;Hotch
1�17, A Real Rain;Murder is unique in that it abolishes the party it injures, so that society must take the place of the victim, and on his behalf demand atonement or grant forgiveness.;W.H. Auden;Gideon
1�17, A Real Rain;It is better to be violent if there is violence in our hearts than to put on the cloak of non-violence to cover impotence.;Mahatma Gandhi;Gideon
1�17, A Real Rain;I object to violence because when it appears to do good, the good is only temporary. The evil it does is permanent.;Mahatma Gandhi;Hotch
1�18, Somebody's Watching;A photograph is a secret about a secret. The more it tells you, the less you know.;Diane Arbus;Gideon
1�18, Somebody's Watching;An American has no sense of privacy. He does not know what it means. There is no such thing in the country.;George Bernard Shaw;Gideon
1�19, Machismo;Other things may change us, but we start and end with family.;Anthony Brandt;Hotch
1�19, Machismo;The house does not rest on the ground, but upon a woman.;Mexican proverb;Hotch
1�20, Charm and Harm;There are some that only employ words for the purpose of disguising their thoughts.;Voltaire;Gideon
1�20, Charm and Harm;We are so accustomed to disguise ourselves to others, that in the end, we become disguised to ourselves.;Fran�ois de la Rochefoucauld;Gideon
1�21, Secrets and Lies;Whoever undertakes to set himself up as judge in the field of truth and knowledge is shipwrecked by the laughter of the gods.;Albert Einstein;Gideon
1�21, Secrets and Lies;In a time of universal deceit, telling the truth is a revolutionary act.;George Orwell;Gideon
1�22, The Fisher King (1);No man needs a vacation so much as the man who has just had one.;Elbert Hubbard;Gideon
3�02, In Name and Blood;Let your heart feel for the afflictions and distress of everyone.;George Washington;Hotch
3�03, Scared to Death;He who controls others may be powerful but he who has mastered himself is mightier still.;Philosopher Lao Tzu;Hotch
3�03, Scared to Death;You gain strength, courage, and confidence by every experience in which you really stop to look fear in the face. You must do the thing which you think you cannot do.;Eleanor Roosevelt;Hotch
3�04, Children of the Dark;In the city, crime is taken as emblematic of class and race. In the suburbs though it's intimate and psychological resistant to generalization a mystery of the individual's soul.;Barbara Ehrenreich;Prentiss
3�05, Seven Seconds;Nothing is easier than to denounce the evil doer Nothing more difficult than understanding him.;Fyodor Dostoevsky;Hotch
3�05, Seven Seconds;Fairy tales do not tell children that dragons exist. Children already know that dragons exist. Fairy tales tell children that dragons can be killed.;G.K. Chesterton;Hotch
3�06, About Face ;Now what else is the whole life of mortals, but a sort of comedy in which the various actors, disguised by various costumes and masks, walk on and play each ones part until the manager walks them off the stage?;Erasmus;Hotch
3�07 Identity;An earthly kingdom cannot exist without inequality of persons. Some must be free, some serfs, some rulers, some subjects.;Martin Luther;Rossi
3�08 Lucky;Fantasy abandoned by reason produces impossible monsters.;Francisco Goya;Morgan
3�08 Lucky;God sends meat and the devil sends cooks.;Thomas Deloney;Morgan
3�09 Penelope;Love all. Trust a few. Do wrong to none.;William Shakespeare;Garcia
3�10 True Night;Superman is, after all, an alien life form. He's simply the acceptable face of invading realities.;Clive Barker;Reid
3�10 True Night;The noir hero is a knight in blood caked armor. He's dirty and he does his best to deny the fact that he's a hero the whole time.�;Frank Miller;Garcia
3�11 Birthright;It doesn't matter who my father was, it matters who I remember he was.;Anne Sexton;Hotch
3�11 Birthright;A simple child that lightly draws it's breath and feels its life in every limb. What should it know of death?;Wordsworth;JJ
3�12 3rd Life;No man or woman who tries to pursue an ideal in his or her own way is without enemies.;Daisy Bates;Hotch
3�12 3rd Life;It is a wise father that knows his own child.;William Shakespeare;Hotch
3�13 Limelight;I know indeed what evil I intend to do, but stronger than all my afterthoughts is my fury�fury that brings upon mortals the greatest evils.;Euripides;Rossi
3�13 Limelight;For we pay a price for everything we get or take in this world and although ambitions are well worth having, they are not to be cheaply won.;Lucy Maud Montgomery;Rossi
3�14 Damaged;�within the core of each of us is the child we once were. This child constitutes the foundation of what we have become, who we are, and what we will be.;Neuroscientist, Dr. R. Joseph;Rossi
3�14 Damaged;There is no formula for success except perhaps an unconditional acceptance of life and what it brings.;Arthur Rubinstein;Hotch
3�15 A Higher Power;There is no refuge from confession but suicide and suicide is confession.;Daniel Webster;Rossi
3�15 A Higher Power;The most authentic thing about us is our capacity to create, to overcome, to endure, to transform, to love and to be greater than our suffering.;Ben Okri;Prentiss
3�16 Elephant's Memory;A sad soul can kill you quicker, far quicker, than a germ.;John Steinbeck;Reid
3�16 Elephant's Memory;We cross our bridges when we come to them and burn them behind us, with nothing to show for our progress except a memory of the smell of smoke, and a presumption that once our eyes watered.;Tom Stoppard;Reid
3�17 In Heat;There are no secrets better kept than the secrets that everybody guesses.;George Bernard Shaw;JJ
3�17 In Heat;If we knew each other's secrets, what comforts we should find.;John Churton Collins;JJ
3�18 The Crossing;No man is happy without a delusion of some kind. Delusions are as necessary to our happiness as realities.;Christian Nestell Bovee;Prentiss
3�18 The Crossing;A woman must not depend upon the protection of man, but must be taught to protect herself. ;Susan B. Anthony;JJ
3�19 Tabula Rasa;All changes, even the most longed for, have their melancholy for what we leave behind us is a part of ourselves. We must die to one life before we can enter another.;Anatole France;Hotch
3�19 Tabula Rasa;What though the radiance that was once so bright, be now forever taken from my sight. Though nothing can bring back the hour of splendor in the grass, of glory in the flower We will grieve not, rather find strength in what remains behind.;William Wordsworth;Reid
3�20 Lo-Fi;The man visited by ecstasies and visions, who takes dreams for realities is an enthusiast the man who supports his madness with murder is a fanatic.;Voltaire;Hotch
4�01 Mayhem;Never think that war, no matter how necessary, nor how justified, is not a crime.;Ernest Hemingway;Hotch
4�02 The Angel Maker;�We all die. The goal isn't to live forever, the goal is to create something that will.�;Chuck Palahniuk;Hotch
4�02 The Angel Maker;�The past is our definition. we may strive, with good reason, to escape it, or to escape what is bad in it, but we will escape it only by adding something better to it.�;Wendell Berry;Hotch
4�03 Minimal Loss;To follow by faith alone is to follow blindly.;Benjamin Franklin;Reid
4�03 Minimal Loss;Reason is not automatic. Those who deny it cannot be conquered by it.;Ayn Rand;Prentiss
4�04 Paradise;A fool's paradise is a wise man's hell.;Thomas Fuller;Hotch
4�04 Paradise;Things are not always what they seem the first appearance deceives many the intelligence of a few perceives what has been carefully hidden.;Phaedrus;Hotch
4�05 Catching Out;Plenty sit still. Hunger is a wanderer.;Zulu proverb;Prentiss
4�05 Catching Out;Beyond the East the sunrise, beyond the West the sea, And the East and West the wander-thirst that will not let me be.;Gerald Gould;Prentiss
4�06 The Instincts;Who speaks to the instincts speaks to the deepest in mankind and finds the readiest response.;Amos Bronson Alcott;Hotch
4�06 The Instincts;I think the truly natural things are dreams, which nature can't touch with decay.;Bob Dylan;Reid
4�07 Memoriam;�What was silent in the father speaks in the son, and often I found in the son the unveiled secret of the father.�;Friedrich Nietzsche;Reid
4�07 Memoriam;�There is no refuge from memory and remorse in this world. The spirits of our foolish deeds haunt us, with or without repentance.�;Gilbert Parker;Reid
4�08 Masterpiece;Let us consider that we are all insane. It will explain us to each other it will unriddle many riddles�;Mark Twain;Rossi
4�08 Masterpiece;Man must evolve for all human conflict a method which rejects revenge, aggression and retaliation. The foundation of such a method is love.;Martin Luther King, Jr.;Rossi
4�09 52 Pickup;The minute people fall in love, they become liars.;Harlan Ellison;Prentiss
4�09 52 Pickup;Cleanliness becomes more important when godliness is unlikely.;P.J. O'Rourke;Rossi
4�10 Brothers in Arms;We are all brothers under the skin, and I, for one, would be willing to skin humanity to prove it.;Ayn Rand;Morgan
4�10 Brothers in Arms;�for he today who sheds his blood with me shall be my brother.;William Shakespeare;Morgan
4�11 Normal;Every normal man must be tempted at times to spit on his hands, hoist the black flag, and begin to slit throats.;H.L. Mencken;Hotch
4�11 Normal;There's no tragedy in life like the death of a child. Things never get back to the way they were.;President Dwight Eisenhower;Rossi
4�12 Soul Mates ;No mortal can keep a secret. If his lips are silent, he chatters with his fingertips betrayal oozes out of him at every pore.;Sigmund Freud;Reid
4�12 Soul Mates ;Delay is the deadliest form of denial.;British Historian C. Northcote Parkinson;Morgan
4�13 Bloodline;There is no doubt that it is around the family and the home that all the greatest virtues, the most dominating virtues of human society, are created, strengthened and maintained.;Winston Churchill;Prentiss
4�13 Bloodline;The strength of a family, like the strength of an army, is in its loyalty to each other.;Mario Puzo;Hotch
4�14 Cold Comfort;And so, all the night-tide, I lay down by the side. Of my darling, my darling, my life and my bride. In the sepulchre there by the sea. In her tomb by the sounding sea.;Edgar Allan Poe (this is from his poem, Annabel);JJ
4�14 Cold Comfort;For those who believe, no proof is necessary. For those who don't believe, no proof is possible.;Stuart Chase;Rossi
4�15 Zoe's Reprise;I never teach my pupils I only attempt to provide the conditions in which they can learn.;Albert Einstein;Rossi
4�15 Zoe's Reprise;In youth we learn in age we understand.;Austrian novelist, Marie von Ebner-Eschenbach;Rossi
4�16 Pleasure is my Business;The prostitute is not, as feminists claim, the victim of men, but rather their conqueror, an outlaw, who controls the sexual channels between nature and culture.;Camille Paglia;Hotch
4�17 Demonology;He who does not punish evil, commands it to be done.;Leonardo Da Vinci;Prentiss
4�17 Demonology;There is no heresy or no philosophy which is so abhorrent to the church as a human being.;James Joyce;Rossi
4�18 Omnivore;�Fate is not satisfied with inflicting one calamity.�;Roman author Publilius Syrus;Hotch
4�18 Omnivore;�Men heap together the mistakes of their lives, and create a monster they call destiny.�;John Hobbes;Hotch
4�19 House On Fire ;We all live in a house on fire, no fire department to call no way out.;Tennessee Williams;Hotch
4�19 House On Fire ;I have loved to the point of madness That which is called madness, That which to me, is the only sensible way to love.;Francoise Sagan;Hotch
4�20 Conflicted;Light thinks it travels faster than anything but it is wrong. No matter how fast light travels, it finds the darkness has always got there first, and is waiting for it.;Terry Pratchett;Reid
4�20 Conflicted;Monsters are real, and ghosts are real too. They live inside us, and sometimes, they win.;Stephen King;Reid
4�21  A Shade of Gray;To lose a child is to lose a piece of yourself.;Dr. Burton Grebin;Rossi
4�21  A Shade of Gray;Without a family, man, alone in the world, trembles with the cold.;Andre Maurois;Rossi
4�22 The Big Wheel;In order for the light to shine so brightly, the darkness must be present.;Francis Bacon;Hotch
4�22 The Big Wheel;No matter how dark the moment, love and hope are always possible.;George Chakiris;Morgan
4�23 Roadkill;�I'm not sure about automobiles. With all their speed forward they may be a step backward in civilization.�;Booth Tarkington;Hotch
4�23 Roadkill;�The human voice can never reach the distance that is covered by the still small voice of conscience.�;Mahatma Ghandi;JJ
4�24 Amplification;It will become fine dust over all the land of Egypt and it will become boils breaking out with sores on man and beast through all the land of Egypt.;Exodus 9:9;Reid
4�24 Amplification;Security is mostly a superstition. It does not exist in nature, nor do the children of men as a whole experience it.;Helen Keller;Reid
4�25/26 To Hell�And Back;If there were no hell, we would be like the animals. No hell, no dignity.;Flannery O'Connor;Hotch
4�25/26 To Hell�And Back;Sometimes there are no words. No clever quotes to neatly sum up what's happened that day� sometimes the day� just� ends.;Aaron Hotchner ;Hotch
5�01 Nameless, Faceless;A weak man has doubts before a decision. A strong man has them afterwards.;Carl Kraus;Rossi
5�02 Haunted;One need not be a chamber to be haunted, one need not to be a house. The brain has corridors surpassing material place.;Emily Dickinson;Hotch
5�02 Haunted;There is no witness so dreadful, no accuser so terrible as the conscience that dwells in the heart of every man.;Polybius;Hotch
5�03 Reckoner;Justice without force is powerless force without justice is tyrannical;Blaise Pascal;Rossi
5�03 Reckoner;I have always found that mercy bears richer fruit than strict justice.;Abraham Lincoln;Rossi
5�04 Hopeless;There is no lasting hope in violence, only temporary relief from hopelessness.;Kingman Brewster, Jr.;Morgan
5�04 Hopeless;These violent delights have violent ends.;William Shakespeare;Morgan
5�05 Cradle to Grave;You don't really understand human nature unless you know why a child on a merry-go-round will wave at his parents every time around � and why his parents will always wave back.;Journalist William D. Tammeus;JJ
5�06 The Eyes Have It;And if thy right eye offend thee, pluck it out, and cast it from thee� ;Matthew 5:29;Morgan
5�06 The Eyes Have It;Dwell in peace in the home of your own being, and the Messenger of Death will not be able to touch you.;Guru Nanak;Morgan
5�07 The Performer;In all the darkest pages in the malign supernatural, there is no more terrible tradition than that of a vampire � a pariah even among demons.;Writer Montague Summers;Reid
5�07 The Performer;Better to write for yourself and have no public than to write for the public and have no self.;Writer Cyril Connolly;Prentiss
5�08 Outfoxed;Man usually avoids attributing cleverness to somebody else unless it's an enemy.;Albert Einstein;Morgan
5�09 100;He who fights with monsters might take care lest he thereby become a monster. And if you gaze for long into an abyss, the abyss gazes also into you.;Friedrich Nietzsche;Hotch
5�09 100;So much of what is best in us is bound up in our love of family, that it remains the measure of our stability because it measures our sense of loyalty.;Haniel Long ;Hotch
5�10 The Slave of Duty;It's love that makes the world go round.;W. S. Gilbert;Hotch
5�10 The Slave of Duty;Where we love is home, home that our feet may leave, but not our hearts. ;Oliver Wendell Holmes;Hotch
5�10 The Slave of Duty;What lies behind us and what lies before us are tiny matters compared to what lies within us.;Ralph Waldo Emerson;Hotch
5�11 Retaliation;Men are more ready to repay an injury than a benefit, because gratitude is a burden and revenge a pleasure.;Tacitus;Prentiss
5�11 Retaliation;There is a sacredness in tears. They are not the mark of weakness but of power. They are messengers of overwhelming grief and of unspeakable love.;Washington Irving;Prentiss
5�12 The Uncanny Valley;Anything you cannot relinquish when it has outlived its usefulness, possesses you. And in this materialistic age, a great many of us are possessed by our possessions.;Mildred Lisette Norman;Reid
5�12 The Uncanny Valley;In life, unlike chess, the game continues after checkmate.;Isaac Asimov;Reid
5�13 Risky Business;Life is a game, play it�.Life is too precious, do not destroy it.;Mother Teresa ;JJ
5�13 Risky Business;Experience is a brutal teacher, but you learn. My God, do you learn. ;C.S. Lewis;JJ
5�14 Parasite;If I am what I have, and if I lose what I have, who then am I?;German Psychologist Erich Fromm;Rossi
5�14 Parasite;Oh what a tangled web we weave, when first we practice to deceive.;Sir Walter Scott;Prentiss
5�15 Public Enemy;Show me a hero, and I will write you a tragedy.;F. Scott Fitzgerald;Rossi
5�15 Public Enemy;When a father gives to his son, both laugh when his son gives to his father, both cry.;William Shakespeare;Rossi
5�16 Mosley Lane;Hope is the worst of evils, for it prolongs the torments of man.;Friedrich Nietzsche;JJ
5�16 Mosley Lane;Hope is the thing with feathers, that perches in the soul, and sings the tune without the words, and never stops at all.;Emily Dickinson;JJ
5�17 Solitary Man;We're all sentenced to solitary confinement inside our own skins, for life. ;Tennessee Williams;Prentiss
5�17 Solitary Man;The family is a haven in a heartless world.;Christopher Lasch;Morgan
5�18 The Fight;I have found the paradox, that if you love until it hurts, there can be no more hurt, only more love.;Mother Teresa;Hotch
5�19 Rite of Passage;A lions work hours are only when he's hungry once he's satisfied, the predator and prey live peacefully together.;Chuck Jones;Prentiss
5�19 Rite of Passage;Many persons have the wrong idea of what constitutes true happiness�is not attained through self-gratification, but through fidelity to a worthy purpose.;Helen Keller;Hotch
5�20 �A Thousand Words;A sincere artist tries to create something which is, in itself, a living thing.;Painter William Dobell;Rossi
5�20 �A Thousand Words;I have seen children successfully surmount the effects of an evil inheritance. That is due to purity being an inherent attribute of the soul.;Mohandas Gandhi;Hotch
5�21 Exit Wounds;Nature, in her most dazzling aspects or stupendous parts, is but the background and theater of the tragedy of man.;John Morley;Garcia
5�21 Exit Wounds;Nothing is so strong as gentleness and nothing is so gentle as real strength.;Ralph W. Sockman;Garcia
5�22 The Internet Is Forever;The single biggest problem with communication is the illusion that it has taken place.;George Bernard Shaw;Hotch
5�22 The Internet Is Forever;The Internet is the first thing that humanity has built that humanity doesn't understand, the largest experiment in anarchy that we have ever had.;Eric Schmidt;Rossi
5�23 Our Darkest Hour;And out of darkness came the hands that reach thro' nature, moulding men.;Alfred Lord Tennyson;Morgan
6�01 The Longest Night;A family is a place where minds come in contact with one another. If these minds love one another, the home will be as beautiful as a flower garden. But if these minds get out of harmony with one other it is like a storm that plays havoc with the garden.;The Buddha;JJ
6�02 JJ;A tragedy need not have blood and death it's enough that it all be filled with that majestic sadness that is the pleasure of tragedy.;Jean Racine ;JJ
6�02 JJ;I'm thankful for my years spent with this family for everything we shared, every chance we had to grow. I'll take the best of them and lead by their example where ever I go. A friend told me to be honest with you, so here it goes. This isn't what I want, but I'll take the high road. Maybe it's because I look at everything as a lesson, or I don't want to walk around angry. Or maybe it's because I finally understand. There are things we don't want to happen, but have to accept things we don't want to know, but have to learn, and people we can't live without, but have to let go. ; A. J Cook; jj
6�03 Remembrance of Things Past;Remembrance of things past is not necessarily the remembrance of things as they were.;Marcel Proust;Rossi
6�03 Remembrance of Things Past;When I was younger I could remember anything, whether it happened or not but my faculties are decaying, now, and soon I shall be so I cannot remember any but the latter. It is sad to go to pieces like this, but we all have to do it.;Mark Twain;Rossi
6�04 Compromising Positions;Whatever you are, be a good one.;Abraham Lincoln;Garcia
6�04 Compromising Positions;We all wear masks and the time comes when we cannot remove them without removing our own skin.;Andr� Berthiaume;Prentiss
6�05 Safe Haven;All humanity is one undivided and indivisible family. I cannot detach myself from the wickedest soul.;Mahatma Ghandi;Morgan
6�05 Safe Haven;�But I have promises to keep and miles to go before I sleep. And miles to go before I sleep.�;Robert Frost;Morgan
6�06 Devil's Night;If an injury has to be done to a man, it should be so severe that his vengeance need not be feared.;Niccolo Machiavelli;Hotch
6�06 Devil's Night;�Love feels no burden, thinks nothing of its trouble, attempts what is above its strength, pleads no excuse for impossibility, for it thinks all things are lawful for itself and all things are possible.� ;Thomas A. Kempis;Hotch
6�07 Middle Man;The herds seek out the great, not for their seed, but for their influence and the great welcome them out of vanity or need.;Napoleon Bonaparte;Hotch
6�07 Middle Man;Without heroes we are all plain people and don't know how far we can go. ;Bernard Malamud;Hotch
6�08 Reflection of Desire;Fame will go by and, so long, I've had you, fame. If it goes by, I've always known it was fickle. So at least it's something I experience, but that's not where I live.;Marilyn Monroe;Garcia
6�08 Reflection of Desire;I believe humanity was born from conflict. Maybe that's why in all of us lives a dark side. Some of us embrace it. Some have no choice. The rest of us fight it. And in the end, it's as natural as the air we breathe. Some point, we're forced to face the truth�ourselves.;Penelope Garcia;Garcia
6�09 Into the Woods;I am invisible, understand, simply because people refuse to see me.;Ralph Ellison;Morgan
6�09 Into the Woods;Evil endures a moment's flush and then leaves but a burnt up shell.;Elise Cabot;Hotch
6�10 What Happens at Home;When we were children, we used to think that when we grew up we would no longer be vulnerable. But to grow up is to accept vulnerability, to be alive is to be vulnerable.;Madeleine L'Engle;Hotch
6�10 What Happens at Home;Children begin by loving their parents. As they grow older they judge them, sometimes they forgive them.;Oscar Wilde;Rossi
6�11 25 to Life;There is no such thing as part freedom.;Nelson Mandela;Morgan
6�11 25 to Life;All truths are easy to understand once they are discovered the point is to discover them.;Galileo Galilei;Morgan
6�12 Coraz�n;No man chooses evil because it is evil he only mistakes it for happiness, the good he seeks.;Mary Wollstonecraft Shelley;Reid
6�12 Coraz�n;The best and most beautiful things in the world cannot be seen or even touched � they must be felt with the heart.;Helen Keller;Reid
6�13 The Thirteenth Step;What really raises one's indignation against suffering is not suffering intrinsically, but the senselessness of suffering.;Frederich Nietzsche;Prentiss
6�13 The Thirteenth Step;What happened in the past that was painful has a great deal to do with what we are today.;William Glasser;Prentiss
6�14 Sense Memory;�Hunting is not a sport. In a sport, both sides should know they're in the game.�;Paul Rodriguez;Morgan
6�14 Sense Memory;Nothing revives the past so completely as a smell that was once associated with it.;Vladimir Nabokov ;Prentiss
6�15 Today I Do;�It's hard to fight an enemy who has outposts in your head.�;Sally Kempton;Rossi
6�15 Today I Do;�There's no chance, no destiny, no fate, that can circumvent or hinder or control the firm resolve of a determined soul.�;Ella Wheeler Wilcox;Prentiss
6�16 Coda;Tomorrow, you promise yourself, will be different, yet, tomorrow is too often a repetition of today.;James T. McKay;Reid
6�16 Coda;Most people of action are inclined to fatalism and most people of thought believe in providence. ;Honore de Balzac ;Ian Doyle
6�17 Valhalla;When I let go of what I am, I become what I might be.;Lao Tzu;Prentiss
6�17 Valhalla;Confession is always weakness. The grave soul keeps its own secrets, and takes its own punishment in silence. ;Dorothea Dix;Prentiss
6�18 Lauren;The secret to getting away with lying is believing with all your heart, that goes for lying to yourself even moreso than lying to another.;Elizabeth Bear;Prentiss
6�18 Lauren;People will believe a big lie sooner than a little one, and if you repeat it frequently enough, people will sooner or later believe it.;Walter Langer;JJ
6�19 With Friends Like These�;The old faiths light their candles all about, but burly truth comes by and puts them out.;Lizette Reese;Reid
6�19 With Friends Like These�;It is not his enemy or foe that lures him to evil ways.;Siddharta Buddha;Morgan
6�20 Hanley Waters;Man, when he does not grieve, hardly exists.;Antonio Porchia;Morgan
6�21 The Stranger;Sometimes human places create inhuman monsters.;Stephen King;Hotch
6�21 The Stranger;Every journey into the past is complicated by delusions, false memories, false naming of real events.;Adrienne Rich;Seaver
6�22 Out of the Light;Of this alone, even god is deprived, the power of making things that are past never to have been.;Agathon;Rossi
6�22 Out of the Light;Bring the past only if you're going to build from it.;Dom�nico Cieri Estrada;Hotch
6�23 Big Sea;The sea has never been friendly to man. At most it has been the accomplice of human restlessness.;Joseph Conrad;Rossi
6�23 Big Sea;We are tied to the ocean. And when we go back to the sea, whether it is to sail or to watch � we are going back from whence we came.;John F. Kennedy;Morgan
6�24 Supply & Demand;And yet to every bad there's a worse.;Thomas Hardy;Hotch
6�24 Supply & Demand;What lies in our power to do, lies in our power not to do.;Aristotle;Rossi
7�01 It Takes a Village;The past cannot be cured.;Queen Elizabeth I;JJ
7�01 It Takes a Village;I do solemnly swear that I will support and defend the Constitution of the United States against all enemies, foreign and domestic that I will bear true faith and allegiance to the same that I take this obligation freely, without any mental reservation or purpose of evasion and that I will well and faithfully discharge the duties of the office on which I am about to enter. So help me God.;Unknown (FBI oath of office);Prentiss
7�02 Proof;If it is a miracle, any sort of evidence will answer. But if it is a fact, proof is necessary.;Mark Twain;Reid
7�02 Proof;Nothing inspires forgiveness quite like revenge.;Scott Adams;Rossi
7�03Dorado Falls;Men are not prisoners of fate, but only prisoners of their own minds.;Franklin Delano Roosevelt;Reid
7�03Dorado Falls;We're born alone, we live alone, we die alone. Only through our love and friendship can we create the illusion for the moment that we're not alone.;Orson Welles;Rossi
7�04 Painless;You may leave school, but it never leaves you.;Andy Partridge;Reid
7�04 Painless;Pain is the breaking of the shell that encloses your understanding.;Khalil Gibran;Hotch
7�05From Childhood's Hour;From childhood's hour I have not been as others were I have not seen as others saw.;Edgar Allan Poe;Reid
7�05From Childhood's Hour;All things truly wicked start from an innocence.;Ernest Hemingway;Rossi
7�06 Epilogue;To die is poignantly bitter, but the idea of having to die without having lived is unbearable.;Erich Fromm;Rossi
7�06 Epilogue;The timing of death, like the ending of a story, gives a changed meaning to what proceeded it.;Mary Catherine Bateson;Rossi
7�07 There's No Place Like Home;For the man sound in body and serene in mind there is no such thing as bad weather, every day has its beauty and storms which whip the blood do but make it pulse more vigorously.;George Gissing;Hotch
7�07 There's No Place Like Home;Adversity is like a strong wind. It tears away from us all but the things that cannot be torn, so that we see ourselves as we truly are.;Arthur Golden;JJ
7�07 There's No Place Like Home;Hope is faith holding out its hand in the dark.;George Iles;Garcia
7�08 Hope;Find a place inside where there�s joy, and the joy will burn out the pain.;Joseph Campbell;Garcia
7�08 Hope;We are each on our own journey. Each of us is on our very own adventure encountering all kinds of challenges, and the choices we make on that adventure will shape us as we go these choices will stretch us, test us and push us to our limit and our adventure will make us stronger then we ever know we could be.;Aamnah Akram;Garcia
7�09 Self-Fulfilling Prophecy;Things do not change. We change.;Henry David Thoreau;Morgan
7�09 Self-Fulfilling Prophecy;Beware, so long as you live, of judging men by their outward appearance.;Jean de La Fountaine;Morgan
7�10 The Bittersweet Science;Everybody wants to go to heaven, but nobody wants to die.;Joe Louis;Hotch
7�10 The Bittersweet Science;Some of us think holding on makes us strong but sometimes it is letting go.;Hermann Hesse;Hotch
7�11 True Genius;Three can keep a secret, if two of them are dead. ;Benjamin Franklin;Morgan
7�11 True Genius;There is no greater sorrow than to recall happiness in times of misery.;Dante Alighieri;Reid
7�12 Unknown Subject;We do not suffer from the shock of our trauma, but we make out of it what suits our purposes.;Alfred Adler;Hotch
7�12 Unknown Subject;All the art of living lies in a fine mingling of letting go and holding on.;Henry Ellis;Prentiss
7�13 Snake Eyes;At the gambling table, there are no fathers and sons.;Chinese proverb;Hotch
7�13 Snake Eyes;A gambler with a system must be, to a greater or lesser extent, insane.;George Augustus Sala;Rossi
7�14 Closing Time;For trust not him that hath once broken faith.;William Shakespeare;Hotch
7�14 Closing Time;You may be deceived if you trust too much, but you will leave in torment if you don't trust enough.;Frank Crane;Hotch
7�15 The Thin LIne;Equality may perhaps be a right, but no power on earth can ever turn it into a fact.;Honore de Balzac;Morgan
7�15 The Thin LIne;I'm for truth no matter who tells it. I'm for justice no matter who it's for or against.;Malcolm X;Prentiss
7�16 A Family Affair;Where there's anger, there is always pain underneath.;Eckhart Tolle;Morgan
7�16 A Family Affair;Live so that when your children think of fairness and integrity, they think of you.;H. Jackson Brown, Jr.;J.J.
7�17 I Love You Tommy Brown;Love is giving someone the ability to destroy you, but trusting them not to.;Unknown;Morgan
7�17 I Love You Tommy Brown;For every good reason there is to lie, there is a better reason to tell the truth.;Bo Bennett;Morgan
7�18 Foundation;Memory is a complicated thing, a relative to truth but not it's twin.;Barbara Kingsolver;Prentiss
7�18 Foundation;Nothing fixes a thing so intensely in the memory as the wish to forget it.;Michel de Montaigne;Morgan
7�19 Heathridge Manor;�We are each our own devil, and we make this world our hell.�;Oscar Wilde;Prentiss
7�19 Heathridge Manor;All that we see or seem, is but a dream within a dream.;Edgar Allen Poe;Hotch
7�20 The Company;Worse than telling a lie is spending your whole life staying true to a lie.;Robert Brault;Morgan
7�21 Divining Rod;�Sooner strangle an infant in its cradle than nurse unacted desires.�;William Blake;Hotch
7�21 Divining Rod;It is only in love and murder that we still remain sincere.;Friedrich D�rrenmatt;Prentiss
7�22 Profiling 101;To the living we owe respect, but to the dead we owe only the truth.;Voltaire;Rossi
7�22 Profiling 101;The only thing necessary for the triumph of evil is for the good men to do nothing.;Edmund Burke;Rossi
7�23 Hit;Fear is met and destroyed with courage.;John F. Bell;JJ
7�24 Run;I've always heard every ending is also a new beginning, we just don't know it at the time, I'd like to believe that's true.;Emily Prentiss;Prentiss
8�01 The Silencer;As I grow older, I pay less attention to what men say. I just watch what they do.;Andrew Carnegie;Hotch
8�01 The Silencer;A man is known by the silence he keeps.;Oliver Herford;Hotch
8�02 The Pact;Evil is always devising more corrosive misery for man's restless need to exact revenge out of his hate.;Ralph Steadman;Rossi
8�02 The Pact;If you win, say nothing. If you lose, say less.;Paul Brown;Rossi
8�03Through The Looking Glass;Behavior is the mirror in which everyone shows their true image.;Johann Wolfgang von Goethe;JJ
8�03Through The Looking Glass;One of the deep secrets of life is that all that is really worth the doing is what we do for others.;Lewis Carroll;Hotch
8�04 God Complex;When a doctor does go wrong, he's the first of criminals. He has the nerve and he has knowledge.;Sir Arthur Conan Doyle;Reid
8�04 God Complex;Body and soul cannot be separated for purposes of treatment, for they are one and indivisible. Sick minds must be healed as well as sick bodies.;Dr. Jeff Miller;JJ
8�05The Good Earth;I became insane, with long intervals of horrible sanity.;Edgar Allan Poe;Reid
8�05The Good Earth;Show me your garden and I shall tell you who you are.;Alfred Austin;JJ
8�06 The Apprenticeship;Better than a thousand days of diligent study, is one day with a great teacher.;Japanese proverb;Morgan
8�06 The Apprenticeship;The greatest good you can do for another, is not to share your own riches, but to reveal to him, his own.;Benjamin Disraeli;Reid
8�07 The Fallen;You never find yourself until you face the truth.;Pearl Bailey;Rossi
8�07 The Fallen;I am not concerned that you have fallen. I am concerned that you arise.;Abraham Lincoln;Rossi
8�08The wheels on the bus;I'm not afraid of death. It's the stake one puts up in order to play the game of life.;Jean Giraudoux;Hotch
8�08The wheels on the bus;It's easier to build strong children than to repair broken men.;Frederick Douglass;Morgan
8�09Magnificent Light;A great deal of talent is lost to the world for want of a little courage.;Sydney Smith;JJ
8�09Magnificent Light;The mystery of human existence lies not in just staying alive, but in finding something to live for.;Fyodor Dostoyevsky;Morgan
8�10 The Lesson;Love is our true destiny. We do not find the meaning of life by ourselves alone. We find it with another.;Thomas Merton;Ried
8�10 The Lesson;Love looks not with the eyes but with the mind.;William Shakespeare;Reid
8�11Perennials;The doctrine of the immortality of the soul has more threat than comfort.;Mason Cooley;Rossi
8�11Perennials;I have never yet heard of a murderer who is not afraid of a ghost.;John Philpot Curran;Reid
8�12 Zugzwang;Being deeply loved by someone gives you strength, while loving someone deeply gives you courage.�;Lao Tzu;Reid
8�13 Magnum Opus;My blood alone remains: take it, but do not make me suffer long.;Marie Antoinette;JJ
8�13 Magnum Opus;Sometimes the hardest part isn't letting go but rather learning to start over.;Nicole Sobon;Reid
8�14 All That Remains;The tragedy of this world is that no one is happy, whether stuck in atime of pain or joy.;Alan Lightman;Hotch
8�14 All That Remains;Love never dies a natural death. It dies of blindness and errors and betrayals. It dies of weariness, of witherings, of tarnishings.�;Ana�s Nin;Hotch
8�15 Broken;The world breaks everyone and afterward many are stronger at the broken places.;Ernest Hemingway;Alex Blake
8�15 Broken;A new command I give you: Love one another. As I have loved you, so you must love one another.;John 13:34;Rossi
8�16 Carbon Copy;Imitation is the sincerest form of flattery.;Charles Caleb Colton;Rossi
8�17 The Gathering;I can resist anything except temptation.;Oscar Wilde;Reid
8�17 The Gathering;All acts performed in the world begin in the imagination.;Barbara Grizzuti Harrison;Reid
8�18 Restoration;For darkness restores what light cannot repair.;Joseph Brodsky.;Morgan
8�18 Restoration;I am dead. Only vengeance can restore me!;Terry Goodkind;Rossi
8�19 Pay It Forward;There is no present or future � only the past, happening over and over again.;Eugene O'Neill;Hotch
8�19 Pay It Forward;A memory is what is left when something happens and does not completely unhappen.;Eugene de Bono;Rossi
8�20 Alchemy;I will not say do not weep, for not all tears are an evil.;J.R.R. Tolkien;Reid
8�20 Alchemy;Dreams are true while they last, and do we not live in dreams?;Alfred Tennyson;Rossi
8�21 Nanny Dearest;Alone, all alone. Nobody, but nobody can make it out here alone.;Maya Angelou;JJ
8�21 Nanny Dearest;Children are educated by what the grown-up is and not by his talk.;Carl Jung;Hotch
8�22 #6 ;We are not the same persons this year as we are last, nor are those we love. It is a happy chance if we, changing, continue to love a changed person.;W. Somerset Maugham;Blake
8�23 Brothers Hotchner;Cruel is the strife of brothers.;Aristotle;Hotch
8�23 Brothers Hotchner;Rarely do members of the same family grow up under the same roof.;Richard Bach;Hotch
8�24 The Replicator;The bond that links your true family is not one of blood, but of respect and joy in each other's life.;Richard Bach;Hotch
8�24 The Replicator;Affliction comes to us, not to make us sad but sober not to make us sorry but wise.;H. G. Wells;Rossi
9�01 The Inspiration;Who knows where inspiration comes from. Perhaps it arises from desperation. Perhaps it comes from the flukes of the universe, the kindness of the muses.;Amy Tan;Rossi
9�01 The Inspiration;There are two things for which we are never really prepared for: twins.;Josh Billings;Hotch
9x02 The Inspired;We are not only our brother�s keeper in countless large and small ways we are our brother�s maker.;Bonaro Overstreet;Morgan
9x02 The Inspired;They mess you up, your Mom and Dad. They may not mean to, but they do. They fill you with the faults they had, and add some extra � just for you.;Philip Larkin;Hotch
9x03 Final Shot;Our most basic common link is that we all inhabit this planet. We all breathe the same air. We all cherish our children�s future. And we are all mortal.;John F. Kennedy;Rossi
9x04 To Bear Witness;Someone I loved once gave me a box full of darkness. It took me years to understand that this too was a gift.;Mary Oliver;Morgan
9x04 To Bear Witness;Death is not the greatest loss in life. The greatest loss is what dies inside of us while we live.;Norman Cousins;Hotch
9x05 Route 66;Life is a dream, realize it.;Mother Teresa;Hotch
9x06 In the Blood;After all, what is every man but a horde of ghosts? Oaks that were acorns that were oaks.;Walter de la Mare;Reid
9x06 In the Blood;Death ends a life, not a relationship.;Mitch Albom;Garcia
9x07 Gatekeeper;If passion drives you, let reason hold the reins.;Benjamin Franklin;Rossi
9x07 Gatekeeper;The most important thing that parents can teach their children is how to get along without them.;Frank Clark;Reid
9x08 The Return;There is no terror in the bang of the gun only the anticipation of it.;Alfred Hitchcock;Morgan
9x08 The Return;The greater the power, the more dangerous the abuse.;Edmund Burke;JJ
9x09 Strange Fruit;The universe doesn't like secrets. It conspires to reveal the truth, to lead you to it.;Lisa Unger;Rossi
9x10 The Caller;Fear is pain arising from the anticipation of evil.;Aristotle;Reid
9x10 The Caller;We cannot despair of humanity, since we ourselves are human beings.;Albert Einstein;Rossi
9x11 Bully;Brothers and sisters are as close as hands and feet.;Vietnamese proverb;Blake
9x11 Bully;Alone, we can do so little. Together we can do so much.;Helen Keller;Blake
9x12 The Black Queen;People often say that this or that person has not yet found himself. But the self is not something one finds it is something one creates.;Thomas Szasz;Morgan
9x12 The Black Queen;To invent your own life's meaning is not easy, but it's still allowed, and I think you'll be happier for the trouble.;Bill Watterson;Garcia
9x13 The Road Home;Beware the fury of a patient man.;John Dryden;Morgan
9x13 The Road Home;Forgiveness does not change the past, but it does enlarge the future.;Paul Boese;Rossi
9x14 200;Why should we look to the past in order to prepare for the future? Because there is nowhere else to look.;James Burke;Prentiss
9x14 200;When you look long into an abyss, the abyss looks into you.;Friedrich Nietzsche;JJ
9x15 Mr. and Mrs. Anderson;Marriage is a mosaic you build with your spouse � millions of tiny moments that create your love story.;Jennifer Smith;Blake
9x15 Mr. and Mrs. Anderson;Each relationship nurtures a strength or weakness within you.;Michael Murdock;Garcia
9x16 Gabby;There is no footprint too small to leave an imprint on this world.;Author Unknown;Hotch
9x16 Gabby;A mother's arms are made of tenderness, and children sleep soundly in them.;Victor Hugo;JJ
9x17 Persuasion;The secret of my influence has always been that it remained secret.;Salvador Dali;Reid
9x17 Persuasion;Illusion is needed to disguise the emptiness within.;Arthur Erickson;Rossi
9x18 Rabid;It is more important to know what sort of person has a disease than to know what sort of disease a person has.;Hippocrates;Reid
9x18 Rabid;True friendship multiplies the good in life and divides its evils.;Baltasar Graci�n;Morgan
9x19 The Edge of Winter;No one is ever a victim, although your conquerors would have you believe in your own victimhood. How else could they conquer you?;Barbara Marciniak;Morgan
9x19 The Edge of Winter;There are times when the mind is dealt such a blow it hides itself in insanity. There are times when reality is nothing but pain, and to escape that pain, the mind must leave reality behind.;Patrick Rothfuss;Morgan
9x20 Blood Relations;The past is never dead. It's not even past.;William Faulkner;Blake
9x21 What Happens in Mecklinberg;In matters of truth and justice, there is no difference between large and small problems, for issues concerning the treatment of people are all the same.;Albert Einstein;Reid
9x22 Fatal;He who is born to be hanged shall never be drowned.;Proverb;Hotch
9x22 Fatal;A person often meets his destiny on the road he took to avoid it.;Jean de la Fontaine;Rossi
9x23 Angels;The name written on her forehead was a mystery: Babylon the Great, the mother of prostitutes and of the abominations of the Earth.;Revelation 17:5;Rossi
9x24 Demons;When truth is buried, it grows. It chokes. It gathers such an explosive force that on the day it bursts out, it blows up everything with it.;�mile Zola;Reid
9x24 Demons;We must be willing to get rid of the life we planned, so as to have the life that is waiting for us.;Joseph Campbell;Reid
10�01X;I remained too much inside my head, and ended up losing my mind.;Edgar Allan Poe;Rossi
10�01X;Just because everything is different doesn't mean anything has changed.;Irene Peter;JJ
10�02Burn;The farther backward you can look, the farther forward you can see.;Winston Churchill;Morgan
10�02Burn;It doesn�t take a lot of strength to hang on. It takes a lot of strength to let go.;J.C. Watts;Garcia
10�03A Thousand Suns;If the radiance of a thousand suns were to burst at once into the sky, that would be like the splendor of the mighty one.;Bhavagad-Gita, the Hindu holy book;Hotch
10�03A Thousand Suns;We knew the world would not be the same. A few people laughed, a few people cried, most people were silent.;J. Robert Oppenheimer;Rossi
10�04The Itch;What's the matter, you dissentious rogues, that rubbing the poor itch of your opinion make yourselves scabs?;William Shakespeare;Hotch
10�04The Itch;Getting rid of a delusion makes us wiser than getting hold of a truth.;Ludwig Borne;JJ
10�05If the Shoe Fits;Deep vengeance is the daughter of deep silence.;Vittorio Alfieri;JJ
10�05If the Shoe Fits;The gift of fantasy has meant more to me than any talent for abstract positive thinking.;Albert Einstein;Reid
10�06Boxed In;There is nothing funny about Halloween. This sarcastic festival reflects, rather, an infernal demand for revenge by children on the adult world.;Jean Baudrillare;Hotch
10�06Boxed In;Always kiss your children good night, even if they're already asleep.;H. Jackson Brown, Jr.;JJ
10�07 Hashtag;Na�vet� in grownups is often charming but when coupled with vanity, it is indistinguishable from stupidity.;Eric Hoffer;Morgan
10�07 Hashtag;There is a fellowship more quiet even than solitude, and which, rightly understood, is solitude made perfect.;Robert Louis Stevenson;Morgan
10�08The Boys of Sudworth Place;How people treat you is their karma how you react is yours.;Wayne Dyer;Reid
10�08The Boys of Sudworth Place;Our moral responsibility is not to stop the future, but to shape it to channel our destiny in humane directions and to ease the trauma of transition.;Alvin Toffler;Morgan
10�09Fate;Change is the law of life, and those who look only to the past or the present are certain to miss the future.;John F. Kennedy;Rossi
10�09Fate;When it comes to life, we spin our own yarn, and where we end up is really, in fact, where we always intended to be.;Julia Glass;Rossi
10�10Amelia Porter;Remove my sin, and I will be clean wash me, and I will be whiter than snow.;Psalm 51;Reid
10�10Amelia Porter;The soul that has conceived one wickedness can nurse no good thereafter.;Sophocles;Kate
10�11The Forever People;Every man has his secret sorrows which the world knows not and often times we call a man cold when he is only sad.;Henry Wadsworth Longfellow;JJ
10�12Anonymous;Death is the only god that comes when you call.;Roger Zelazny;Kate
10�12Anonymous;As life runs on, the road grows strange with faces new � and near the end, the milestones into headstones change, 'neath every one a friend.;James Russell Lowell;Rossi
10�13Nelson's Sparrow;The bitterest tears shed over graves are for words left unsaid and deeds left undone.;Harriet Beecher Stowe;Rossi
10�13Nelson's Sparrow;When a good man is hurt, all who would be called good must suffer with him.;Euripedes;Hotch
10�14Hero Worship;The most heroic word in all languages is revolution.;Eugene Debs;Reid
10�14Hero Worship;True heroism is remarkably sober, very undramatic. It is not the urge to surpass all others at whatever cost, but the urge to serve others at whatever cost.;Arthur Ashe;Reid
10�15Scream;Men often make up in wrath what they want in reason.;William R. Alger;Kate
10�15Scream;Nothing can drive one closer to his own insanity than a haunting memory refusing its own death.;Darnella Ford;Hotch
10�16Lockdown;When the prison doors are opened, the real dragon will fly out.;Ho Chi Minh;Hotch
10�16Lockdown;If you want total security, go to prison. There you're fed, clothed, given medical care and so on. The only thing lacking is freedom.;Dwight D. Eisenhower;Rossi
10�17Breath Play;There is hardly anyone whose sexual life, if it were broadcast, would not fill the world at large with surprise and horror.;W. Somerset Maugham;Rossi
10�17Breath Play;�Children are like wet cement. Whatever falls on them makes an impression.�;Dr. Haim Ginott;Kate
10�18Rock Creek Park;The truth is rarely pure and never simple.;Oscar Wilde;Reid
10�19Beyond Borders;No matter how fast light travels, it finds the darkness is always there first.;Terry Pratchett;Hotch
10�19Beyond Borders;Coming together is a beginning keeping together is progress working together is success.;Henry Ford;Jack Garrett
10�20A Place at the Table;When one has not had a good father, one must create one.;Friedrich Nietzsche;Rossi
10�20A Place at the Table;We are made wise not by the recollection of our past, but by the responsibility for our future.;George Bernard Shaw;Hotch
10�21Mr. Scratch;Your memory is a monster it summons with will of its own. You think you have a memory, but it has you.;John Irving;Hotch
10x22Protection;�It is a man�s own mind, not his enemy or foe, that lures him to evil ways.�;Buddha;Rossi
10x22Protection;�Reality is merely an illusion, albeit a very persistent one.�;Albert Einstein;Reid
10�23The Hunt;The world will not be destroyed by those who do evil, but by those who watch them without doing anything.;Albert Einstein;Kate
10�23The Hunt;Life is about choices. Some we regret, some we're proud of. We are what we chose to be.;Graham Brown;Kate
11�01The Job;Pleasure in the job puts perfection in the work.;Aristotle;Hotch
11�01The Job;Courage is grace under pressure.;Ernest Hemingway;Garcia
11�02The Witness;It is in your moments of decision that your destiny is shaped.;Tony Robbins;Morgan
11�02The Witness;The world is so unpredictable. Things happen suddenly, unexpectedly. We want to feel we are in control of our own existence. In some ways we are, in some ways we're not. We are ruled by the forces of chance and coincidence.;Paul Auster;Rossi
11�03 'Til Death Do Us Part;And think not you can direct the course of love, for love, if it finds you worthy, directs your course.;Khalil Gibran, The Prophet;Tara
11�03 'Til Death Do Us Part;I hold it true, whate'er befall I feel it, when I sorrow most 'Tis better to have loved and lost than never to have loved at all.;Alfred Lord Tennyson;Rossi
11�04Outlaw;All sins tend to be addictive, and the terminal point of addiction is damnation.;W. H. Auden;Reid
11�05The Night Watch;Ghosts were created when the first man awoke in the night.;J. M. Barrie;Reid
11�05The Night Watch;More grows in the garden, than the gardener knows he has planted.;Spanish proverb;Tara
11�06Pariahville;I swear, from the bottom of my heart, I want to be healed. I want to be like other men, not this outcast who nobody wants.;E. M. Forster;Morgan
11�06Pariahville;To remain indifferent to the challenges we face is indefensible. If the goal is noble, whether or not it is realized within our lifetime is largely irrelevant. What we must do, therefore, is to strive, and persevere, and never give up.;Dalai Lama XIV;Tara
11�07Target Rich;We are all sharks, circling, and waiting for traces of blood to appear in the water.;Alan Clark;Hotch
11�07Target Rich;To a father, nothing is dearer than a daughter.;Euripedes;Rossi
11�08Awake;You can chain me, you can torture me, you can even destroy this body, but you will never imprison my mind.;Mahatma Gandhi;JJ
11�08Awake;Guilt is perhaps the most painful companion of death.;Coco Chanel;Tara
11�09Internal Affairs;The enemy is within the gates. It is with our own luxury, our own folly, our own criminality, that we have to contend.;Marcus Tullius Cicero;Hotch
11x10Future Perfect;The clock tocked loud. I threw it away. It scared me when it tocked.;Tillie Olsen;Hotch
11x10Future Perfect;The first condition of immortality is death.;Stanislaw Lec;Hotch
11x11Entropy;Just as the constant increase of entropy is the basic law of the universe, so it is the basic law of life to struggle against entropy.;Vaclav Havel;Reid
11x12Drive;To educate a person in the mind but not in morals is to educate a menace to society.;Theodore Roosevelt;Reid
11x12Drive;A man's very highest moment is, I have no doubt at all, when he kneels in the dust and beats his breast, and tells all the sins of his life.;Oscar Wilde;Hotch
11�13The Bond;The heart of a mother is a deep abyss, at the bottom of which you will always find forgiveness.;Honor� de Balzac;Hotch
11�13The Bond;The influence of a mother in the lives of her children is beyond calculation.;James E. Faust;Tara
11�14Hostage;By the will art thou lost, by the will art thou found, by the will art thou free, captive, and bound.;Angelus Silesius;Rossi
11�14Hostage;Revenge is an act of passion vengeance of justice.;Samuel Johnson;Hotch
11�15A Badge and a Gun;The darkness always lies.;Anthony Liccione;Morgan
11�15A Badge and a Gun;You see what power is � holding someone else's fear in your hand and showing it to them.;Amy Tan;JJ
11�17The Sandman;Parents are the bones on which children sharpen their teeth.;Peter Ustinov;Morgan
11�17The Sandman;Lucky I'm sane after all I've been through. Life's been good to me so far.;Joe Walsh;Morgan
11�18 A Beautiful Disaster;As a good friend of mine said, Every ending is also a beginning. We just don't know it at the time. I'd like to believe she's right.;Derek Morgan;Morgan
11�19Tribute;Originality is nothing but judicious imitation.;Voltaire;Prentiss
11�19Tribute;Walking with a friend in the dark is better than walking alone in the light.;Helen Keller;Garcia
11�20Inner Beauty;I imagine one of the reasons people cling to their hates so stubbornly is because they sense, once hate is gone, they will be forced to deal with pain.;James Baldwin;Rossi
11�20Inner Beauty;Since love grows within you, so beauty grows. For love is the beauty of the soul.;St. Augustine;Rossi
11�21Devil's Backbone;Don't you know that a midnight hour comes when everyone has to take off his mask?;S�ren Kierkegaard;Hotch
11�21Devil's Backbone;No man really knows about other human beings. The best he can do is to suppose that they are like himself.;John Steinbeck;Lewis
11�22The Storm;The sea is dangerous and its storms terrible, but these obstacles have never been sufficient reason to remain ashore.;Ferdinand Magellan;Lewis
11�22The Storm;The line dividing good and evil comes through the heart of every human being.;Aleksandr Solzhenitsyn;Hotch
13�01 Wheels Up;Hold on when there is nothing in you except the will which says, 'Hold on!';Rudyard Kipling;Spencer Reid
13�02 To a Better Place;I believe that the only way to reform people is to kill them.;Carl Panzram ;Emily Prentiss
13�02 To a Better Place;You can't connect the dots looking forward. You can only connect them looking backwards. So you have to trust that they will somehow connect in your future.;Steve Jobs;Spencer Reid
13�03Blue Angel ;Cruelty, like every other vice, requires no motive outside of itself. It only requires opportunity.;George Eliot;Emily Prentiss
13�03Blue Angel;A man travels the world over in search of what he needs and returns home to find it.;George Moore;Matt Simmons
13�04Killer App;It is unwise to be too sure of one's own wisdom.;Mahatma Ghandhi;Luke Alvez
13�04Killer App;The murderer survives the victim only to learn that it was himself that he longed to be rid of.;Thornton Wilder;Emily Prentiss
13x05Lucky Strikes;I like to turn things upside down, to watch pictures and situations from another perspective.;Ursus Wehrli;Penelope Garcia
13x05Lucky Strikes;People like to say that the conflict is between good and evil. The real conflict is between truth and lies.;Don Miguel Ruiz;David Rossi
13�06The Bunker;This is the way the world ends. Not with a bang, but a whimper.;T.S. Eliot;Spencer Reid
13�06The Bunker;Even if I knew that tomorrow the world would go to pieces, I would still plant my apple tree.;Martin Luther;Jennifer Jareau
13�07Dust and Bones;When there is pain, there are no words. All pain is the same.;Toni Morrison;Emily Prentiss
13�07Dust and Bones;Remember, we are our own griefs, my dear, we are our own happiness and we are our own remedies. ;Huseyn Raza;Luke Alvez
13x08Neon Terror;The spectacle is capital accumulated to the point where it becomes image.;Guy Debord;Emily Prentiss
13x08Neon Terror;I never travel without my diary. One should always have something sensational to read in the train. ;Oscar Wilde ;David Rossi
13�09 False Flag;When you eliminate the impossible, whatever remains, no matter how improbable, must be the truth.;Sir Arthur Conan Doyle;Penelope Garcia
13�09 False Flag;Everyone is entitled to his own opinion, but not to his own facts.;Daniel Patrick Moynihan;Dr. Tara Lewis
13�10 Submerged;Do not speak of evil, for it creates curiosity in the heart of the young.;Nakota proverb;Matt Simmons
13�10 Submerged;Where there is ruin, there is hope for a treasure.;Jalal Uddin Rumi;David Rossi
13�11Full-Tilt-Boogie;My dark secrets are life threatening. Pockets of unhappiness set in aspic that build and build.;Sue Townshend;Emily Prentiss
13�11Full-Tilt-Boogie;I think it's the human spirit inside all of us that gives us an enormous capacity to survive.;Amanda Lindhout;Penelope Garcia
13�12Bad Moon on the Rise;It is the very error of the moon. She comes more nearer earth than she was wont, And makes men mad.;William Shakespeare;Dr. Tara Lewis
13�12Bad Moon on the Rise;Even a man who is pure in heart and says his prayers by night may become a wolf when the wolfbane blooms and the moon is full and bright.;Curt Siodmak;Luke Alvez
13�13Cure ;It is impossible to suffer without making someone pay for it every complaint already contains revenge.;Friedrich Nietzsche;Spencer Reid
13�14Miasma ;My wound is geography. It is also my anchorage, my port of call.;Pat Conroy;Emily Prentiss
13�14Miasma;All of us labor in webs spun long before we were born.;William Faulkner;Jennifer Jareau
13�15 Annihilator ;Family quarrels are bitter things. They don't go according to any rules. They're not like aches or wounds, they're more like splits in the skin that won't heal because there's not enough material.;F. Scott Fitzgerald;Emily Prentiss
13�16 Last Gasp ;Death is the mother of beauty hence from her, alone, shall come fulfillment to our dreams and our desires.;Wallace Stevens;Jennifer Jareau
13�17 The Capilanos ;Masks are wonderfully paradoxical in this way: while they may hide the physical reality, they can show us how a person wants to be seen.;Joanna Scott;Spencer Reid
13�17 The Capilanos;It lies not in our power to love or hate, For will in us is overruled by fate.;Christopher Marlowe;Spencer Reid
13�18 The Dance of Love ;Perhaps when we find ourselves wanting everything, it is because we are dangerously close to wanting nothing.;Sylvia Plath;Dr. Tara Lewis
13�18 The Dance of Love ;No matter how far we travel, the memories will follow in the baggage car.;August Strindberg;David Rossi
13�19 Ex Parte ;Violence is not a catalyst but a diversion.;Joseph Conrad;Emily Prentiss
13�19 Ex Parte ;Do not boast about tomorrow, for you do not know what a day may bring.;Bible proverb;Matt Simmons
13�20 All You Can Eat ;Holding onto anger is like drinking poison and expecting the other person to die.;Anonymous;Emily Prentiss
13�20 All You Can Eat ;Forgiveness is the fragrance that the violet sheds on the heel that has crushed it.;Mark Twain;Penelope Garcia
13�21 Mixed Signals ;Convictions are more dangerous foes of truth than lies.;Friedrich Nietzsche;Luke Alvez
13�21 Mixed Signals ;Holding on is believing that there�s only a past letting go is knowing that there�s a future.;Daphne Rose Kingma;Dr. Tara Lewis
13�22 Believer ;A thing is not necessarily true because a man dies for it.;Oscar Wilde;Penelope Garcia
12�01 The Crimson King;Anger's my meat. I sup upon myself and so shall starve with feeding.;William Shakespeare;David Rossi
12�01 The Crimson King;The evil that men do lives after them. The good is oft interred with their bones.;William Shakespeare;Aaron Hotchner
12�02 Sick Day;Loss and possession, death and life are one. There falls no shadow where there shines no sun.;Hilaire Belloc;Jennifer Jareau
12�02 Sick Day;Love begins by taking care of the closet ones�the ones at home.;Mother Teresa;Jennifer Jareau
12�03 Taboo;Sinful and forbidden pleasures are like poisoned bread. They may satisfy appetite for the moment, but there is death in them at the end.;Tyron Edwards;Emily Prentiss
12�03 Taboo;Three things cannot long stay hidden. The sun, the moon, and the truth.;Buddha;Luke Alvez
12�04 Keeper;Beware the man who does not talk and the dog that does not bark.;Cheyenne proverb;Luke Alvez
12�04 Keeper;What greater thing is there for human souls than to feel that they are joined for life, to be with each other in silent unspeakable memories?;George Elliot ;Spencer Reid
12�05 The Anti-Terror Squad ;The malicious have a dark happiness.;Victor Hugo;Spencer Reid
12�05 The Anti-Terror Squad ;Freedom is what you do with what's been done to you.;Jean-Paul Sartre;Spencer Reid.
12�06 Elliott's Pond;The strength of a family, like the strength of an army, is in its loyalty to each other.;Mario Puzo;David Rossi
12�06 Elliott's Pond;So long as the memory of certain beloved friends lives in my heart, I shall say that life is good.;Helen Keller;Penelope Garcia
12�07 Mirror Image;A sibling may be the keeper of one's' identity, the only persons with the keys to one's unfettered, more fundamental self.;Marian Sandmaier ;Dr. Tara Lewis
12�07 Mirror Image;The father said: 'You are always with me and everything I have is yours. But we had to celebrate and be glad, because this brother of yours was dead and is alive again. He was lost and is found.';The Gospel of Luke ;Dr. Tara Lewis
12�08 Scarecrow;God sometimes takes us into troubled waters, not to drown us, but to cleanse us.;Unknown;Spencer Reid
12�08 Scarecrow;Sometimes good things fall apart so that better things can fall together.;Marilyn Monroe;David Rossi
12�09 Profiling 202;What madness is it to be expecting evil before it comes?;Lucius Annaeus Seneca;David Rossi
12�09 Profiling 202;The life of the dead is placed in the memory of the living.;Marcus Tullius Cicero;Stephen Walker & David Rossi
12�10 Seek and Destroy;Now, we'll start this band of robbers and call it Tom Sawyer's gang. Everybody that wants to join has to take an oath and write his name in blood.;Mark Twain;Stephen Walker
12�10 Seek and Destroy;A gang is where a coward go to hide.;Mickey Mantle;Emily Prentiss
12�11 Surface Tension;We must remember that Satan has his miracles, too.;John Calvin;Spencer Reid
12�11 Surface Tension;Time moves in one direction, memory in another. ;William Gibson;Spencer Reid
12�12 A Good Husband;A good husband makes a good wife.;John Florio;David Rossi
12�12 A Good Husband;Nothing is more sad than the death of an illusion.;Arthur Koestler;Emily Prentiss
12�13 Spencer;There is not a righteous man on Earth who does what is right and never sins. ;Ecclesiastes 7:20. ;Spencer Reid
12�13 Spencer;There are so many fragile things after all. People break so easily, and so do dreams and hearts.;Neil Gaiman;Jennifer Jareau
12�14 Collision Course;The illusion of control make the helplessness seem more palatable.;Allie Brosh;Emily Prentiss
12�14 Collision Course;Loss of control is always the source of fear. It is also, however, always the source of change. ;James Frey;Spencer Reid
12�15 Alpha Male;�Strong men, men who are truly role models, don't need to put down women to make themselves feel powerful.;Michelle Obama;Penelope Garcia
12�15 Alpha Male;One of the many lessons that one learns in prison is that things are what they are and will be what they will be.;Oscar Wilde;Spencer Reid
12�16 Assistance is Futile;To go against conscience is neither right nor safe. Here I stand. I can do no other. ;Martin Luther;Spencer Reid
12�16 Assistance is Futile;Hope is being able to see that there is light, despite all of the darkness. ;Desmond Tutu;Spencer Reid
12�20 Unforgettable;The past is never where you think you left it.;Katherine Anne Porter;Stephen Walker
12�20 Unforgettable;Life can only be understood backwards, but it must be lived forwards.;Soren Kiekegaard;Spencer Reid
12�21 Green Light ;Every man's life ends the same way. �It is only the details of how he lived and how he died that distinguish one man from another.;Ernest Hemingway;Spencer Reid
12�22 Red Light ;The villainy you teach me I will execute, and it shall go hard, but I will better the instruction.;William Shakespeare;Emily Prentiss
